{
    "key": "PurchaseableTypes",
    "types": [
        {
            "type": 0,
            "cost": 8,
            "description": "Dashing through bullets reflects them"
        },
        {
            "type": 1,
            "cost": 8,
            "rate1": 1.71,
            "description": "Dashing leaves behind an explosive"
        },
        {
            "type": 2,
            "cost": 8,
            "rate1": 1.25,
            "rate2": 1.25,
            "duration": 5,
            "description": "Gain 25% speed/damage for 5 seconds after losing health"
        },
        {
            "type": 3,
            "cost": 8,
            "rate1": 2,
            "duration": 5,
            "description": "The first shot after dashing deals 2x damage"
        },
        {
            "type": 4,
            "cost": 8,
            "rate1": 1,
            "description": "Shots pierce an additional enemy",
            "maxOwnable": 2
        },
        {
            "type": 5,
            "cost": 8,
            "rate1": 1.25,
            "description": "Increases movement speed by 25%"
        },
        {
            "type": 6,
            "cost": 8,
            "rate1": 1.4,
            "duration": 0.25,
            "description": "Deal 40% more damage while standing still"
        },
        {
            "type": 7,
            "cost": 8,
            "rate1": 1.25,
            "description": "reload 25% faster",
            "maxOwnable": 2
        },
        {
            "type": 8,
            "cost": 18,
            "description": "Shotgun.  Perfect for crowds."
        },
        {
            "type": 9,
            "cost": 18,
            "description": "Sniper.  Your aim better be good!"
        },
        {
            "type": 10,
            "cost": 18,
            "description": "Minigun.  Unlimited powerrrrr."
        },
        {
            "type": 11,
            "cost": 0,
            "rate1": 90,
            "rate2": 0.2,
            "description": "Sword.  Adds a slash to dashing."
        },
        {
            "type": 12,
            "cost": 8,
            "rate1": 2,
            "description": "Double explosive radius"
        },
        {
            "type": 13,
            "cost": 18,
            "description": "Launcher.  BOOM!!"
        }
    ]
}