{
  "key": "WeaponTypes",
  "types": [
    {
      "type": 0,
      "name": "pistol",
      "fullClip": 8,
      "bulletDelay": 0.3,
      "tapDelay": 0.25,
      "screenShakeStrength": 0.05,
      "speedMultiplier": 1,
      "reloadTime": 0.3
    },
    {
      "type": 1,
      "name": "rifle",
      "fullClip": 30,
      "bulletDelay": 0.18,
      "tapDelay": 0.17,
      "screenShakeStrength": 0.075,
      "speedMultiplier": 0.6,
      "reloadTime": 1.3
    },
    {
      "type": 2,
      "name": "shotgun",
      "fullClip": 5,
      "bulletDelay": 1,
      "tapDelay": 0.8,
      "screenShakeStrength": 0.1,
      "speedMultiplier": 1,
      "reloadTime": 1.75
    },
    {
      "type": 3,
      "name": "sniper",
      "fullClip": 1,
      "bulletDelay": 0.6,
      "tapDelay": 0.6,
      "screenShakeStrength": 0.8,
      "speedMultiplier": 1,
      "reloadTime": 1.5
    },
    {
      "type": 4,
      "name": "launcher",
      "fullClip": 3,
      "bulletDelay": 1,
      "tapDelay": 1,
      "screenShakeStrength": 0.3,
      "speedMultiplier": 1,
      "reloadTime": 1.2
    }
  ]
}