{
    "key": "EnemyData",
    "allEnemies": [
        {
            "name": "PeasantTorch",
            "moveSpeed": 1.0,
            "targetDistance": 1.3,
            "health": 3,
            "attackSpeed": 2.0,
            "isRanged": false,
            "swingTime": 0.33
        },
        {
            "name": "PeasantPitchfork",
            "moveSpeed": 1.0,
            "targetDistance": 1.8,
            "health": 3,
            "attackSpeed": 2.0,
            "isRanged": false,
            "dashTime": 0.25,
            "dashSpeed": 2.0
        },
        {
            "name": "Archer",
            "moveSpeed": 1.0,
            "targetDistance": 3.0,
            "health": 4,
            "attackSpeed": 2.0,
            "isRanged": true,
            "projectileSpeed": 5.0
        },
        {
            "name": "EliteArcher",
            "moveSpeed": 1.5,
            "targetDistance": 4.0,
            "health": 6,
            "attackSpeed": 2.0,
            "isRanged": true,
            "projectileSpeed": 5.5
        },
        {
            "name": "MultiArcher",
            "moveSpeed": 1.25,
            "targetDistance": 2.5,
            "health": 4,
            "attackSpeed": 2.0,
            "isRanged": true,
            "projectileSpeed": 3.0
        },
        {
            "name": "Arbalest",
            "moveSpeed": 1.0,
            "targetDistance": 5.0,
            "health": 4,
            "attackSpeed": 2.0,
            "isRanged": true,
            "projectileSpeed": 7.0,
            "projectileLifetime": 2.0
        },
        {
            "name": "Demolition",
            "moveSpeed": 1.0,
            "targetDistance": 2.5,
            "health": 5,
            "attackSpeed": 2.0,
            "isRanged": true,
            "projectileSpeed": 4.0,
            "projectileLifetime": 3.0
        },
        {
            "name": "Thief",
            "moveSpeed": 2.0,
            "targetDistance": 1.5,
            "health": 2,
            "attackSpeed": 2.0,
            "isRanged": false,
            "windupSpeed": 1.0,
            "windupTime": 0.3,
            "dashSpeed": 10.0,
            "dashTime": 0.25,
            "minXThiefSpawn": -17,
            "maxXThiefSpawn": 17,
            "minZThiefSpawn": -11,
            "maxZThiefSpawn": 10,
            "maxThiefSpawnAttempt": 10
        },
        {
            "name": "MagicArcher",
            "moveSpeed": 1.25,
            "targetDistance": 3.0,
            "health": 4,
            "attackSpeed": 2.0,
            "isRanged": true,
            "projectileSpeed": 4.0,
            "projectileLifetime": 3.0
        },
        {
            "name": "Cleric",
            "moveSpeed": 1.25,
            "targetDistance": 1.0,
            "health": 4,
            "attackSpeed": 1.5,
            "isRanged": false
        }
    ]
}