{
    "key": "EnemyData",
    "allEnemies": [
        {
            "name": "PeasantTorch",
            "moveSpeed": 3.3,
            "targetDistance": 1.3,
            "health": 3,
            "attackSpeed": 2.0,
            "isRanged": false,
            "swingTime": 0.33
        },
        {
            "name": "PeasantPitchfork",
            "moveSpeed": 3.3,
            "targetDistance": 1.8,
            "health": 3,
            "attackSpeed": 2.0,
            "isRanged": false,
            "dashTime": 0.25,
            "dashSpeed": 2.0
        },
        {
            "name": "Archer",
            "moveSpeed": 3.0,
            "targetDistance": 5.0,
            "health": 3,
            "attackSpeed": 2.0,
            "isRanged": true,
            "projectileLifetime": 300.0,
            "projectileSpeed": 4.0
        },
        {
            "name": "EliteArcher",
            "moveSpeed": 4.5,
            "targetDistance": 6.0,
            "health": 6,
            "attackSpeed": 1.5,
            "isRanged": true,
            "projectileLifetime": 300.0,
            "projectileSpeed": 6.0
        },
        {
            "name": "MultiArcher",
            "moveSpeed": 3.0,
            "targetDistance": 2.5,
            "health": 5,
            "attackSpeed": 2.0,
            "isRanged": true,
            "projectileLifetime": 300.0,
            "projectileSpeed": 3.0
        },
        {
            "name": "Arbalest",
            "moveSpeed": 3.0,
            "targetDistance": 9.0,
            "health": 4,
            "attackSpeed": 2.0,
            "isRanged": true,
            "projectileSpeed": 4.0,
            "projectileLifetime": 8.0,
            "arbalestRotationSpeed": 30
        },
        {
            "name": "Demolition",
            "moveSpeed": 2.25,
            "targetDistance": 5.0,
            "health": 10,
            "attackSpeed": 2.0,
            "isRanged": true,
            "projectileSpeed": 4.0,
            "projectileLifetime": 3.0
        },
        {
            "name": "Thief",
            "moveSpeed": 7.5,
            "targetDistance": 1.5,
            "health": 3,
            "attackSpeed": 2.0,
            "isRanged": false,
            "windupSpeed": 1.0,
            "windupTime": 0.3,
            "dashSpeed": 10.0,
            "dashTime": 0.25,
            "minXThiefSpawn": -26,
            "maxXThiefSpawn": 26,
            "minZThiefSpawn": -17,
            "maxZThiefSpawn": 16,
            "maxThiefSpawnAttempt": 10
        },
        {
            "name": "MagicArcher",
            "moveSpeed": 3.75,
            "targetDistance": 5.0,
            "health": 4,
            "attackSpeed": 3.0,
            "isRanged": true,
            "projectileSpeed": 4.0,
            "projectileLifetime": 300.0
        },
        {
            "name": "Cleric",
            "moveSpeed": 1.75,
            "targetDistance": 1.0,
            "health": 4,
            "attackSpeed": 1.5,
            "isRanged": false
        }
    ]
}