{
    "key": "PurchaseableTypes",
    "types": [
        {
            "type": 0,
            "cost": 8,
            "description": "Dash reflects enemy bullets"
        },
        {
            "type": 1,
            "cost": 8,
            "rate1": 1.71,
            "description": "Dash drops explosive cluster"
        },
        {
            "type": 2,
            "cost": 8,
            "rate1": 1.25,
            "rate2": 1.25,
            "duration": 5,
            "description": "Losing health grants 5s of +25% move speed and attack power"
        },
        {
            "type": 3,
            "cost": 8,
            "rate1": 2,
            "duration": 5,
            "description": "First attack after dash deals double damage (5s cooldown)"
        },
        {
            "type": 4,
            "cost": 8,
            "rate1": 1,
            "description": "Shots pierce an additional enemy",
            "maxOwnable": 2
        },
        {
            "type": 5,
            "cost": 8,
            "rate1": 1.25,
            "description": "+25% movement speed"
        },
        {
            "type": 6,
            "cost": 8,
            "rate1": 1.4,
            "duration": 0.25,
            "description": "+40% attack power while stationary"
        },
        {
            "type": 7,
            "cost": 8,
            "rate1": 1.25,
            "description": "+25% reload speed",
            "maxOwnable": 2
        },
        {
            "type": 8,
            "cost": 18,
            "description": "Shotgun. Perfect for crowds."
        },
        {
            "type": 9,
            "cost": 18,
            "description": "Sniper. Your aim better be good!"
        },
        {
            "type": 10,
            "cost": 18,
            "description": "Minigun. Unlimited powerrrrr."
        },
        {
            "type": 11,
            "cost": 0,
            "rate1": 90,
            "rate2": 0.2,
            "description": "Sword. Short melee attack."
        },
        {
            "type": 12,
            "cost": 8,
            "rate1": 2,
            "description": "Double explosive radius"
        },
        {
            "type": 13,
            "cost": 18,
            "description": "Launcher. BOOM!!"
        }
    ]
}